,Brand,Current Price,Original Price,Discount Percentage,Rating,Number OF Ratings,Model Name,Dial Shape,Strap Color,Strap Material,Touchscreen,Battery Life (Days),Bluetooth,Display Size,Weight
0,noise,82990.0,89900.0,7.686318131,4.0,65.0,Wrb-sw-colorfitpro4alpha-std-rgld_pnk,Circle,Black,Silicon,Yes,8.0,Yes,1.7 inches,35 - 50 g
1,fire-boltt,3799.0,16999.0,77.65162657,4.3,20788.0,BSW046,Circle,Black,Silicon,Yes,3.5,Yes,1.8 inches,50 - 75 g
2,boat,1999.0,7990.0,74.98122653,3.8,21724.0,Wave Call,Circle,Black,Silicon,Yes,8.0,Yes,1.7 inches,35 - 50 g
3,fire-boltt,1799.0,19999.0,91.00455023,4.3,13244.0,BSW053,Circle,Black,Silicon,Yes,3.5,Yes,1.8 inches,75g +
4,noise,1599.0,4999.0,68.01360272,4.1,13901.0,Wrb-sw-colorfitpulsegobuzz-std-blk_blk,Circle,Black,Other,Yes,8.0,Yes,1.7 inches,35 - 50 g
5,noise,1499.0,3999.0,62.51562891,4.0,32704.0,NSW-05,Circle,Black,Other,Yes,8.0,Yes,1.7 inches,35 - 50 g
7,noise,1799.0,3999.0,55.01375344,4.0,32704.0,wrb-sw-colorfitgrand-std-rpnk_rpnk,Circle,Black,Other,Yes,8.0,Yes,1.7 inches,35 - 50 g
8,noise,1999.0,6499.0,69.24142176,4.1,39479.0,Wrb-sw-colorfitultrase-std-gld_brn,Circle,Black,Other,Yes,8.0,Yes,1.8 inches,35 - 50 g
9,noise,1999.0,5999.0,66.67777963,4.1,39479.0,Wrb-sw-colorfitultra-std-gry_blk,Circle,Black,Other,Yes,8.0,Yes,1.8 inches,35 - 50 g
10,noise,1999.0,5999.0,66.67777963,4.1,8765.0,Wrb-sw-colorfitpulse2max-std-blk_blk,Circle,Black,Other,Yes,8.0,Yes,1.9 inches,35 - 50 g
11,noise,1799.0,3999.0,55.01375344,4.0,32704.0,wrb-sw-colorfitgrand-std-grn_grn,Circle,Black,Other,Yes,8.0,Yes,1.7 inches,35 - 50 g
12,noise,3799.0,7999.0,52.50656332,3.8,545.0,Wrb-sw-colorfitpro4alpha-std-blk_blk,Circle,Black,Silicon,Yes,8.0,Yes,1.7 inches,35 - 50 g
13,noise,3499.0,5999.0,41.67361227,3.8,281.0,Wrb-sw-force-std-blk_blk,Circle,Black,Silicon,Yes,8.0,Yes,1.7 inches,35 - 50 g
14,noise,1999.0,5999.0,66.67777963,4.1,9081.0,wrb-sw-colorfitultrabuzz-std-ogrn_ogrn,Circle,Black,Other,Yes,22.0,Yes,1.8 inches,35 - 50 g
15,noise,1499.0,4999.0,70.0140028,4.0,93075.0,wrb-sw-colorfitpro2-std-blk,Circle,Black,Polycarbonate,Yes,3.6,Yes,1.3 inches,20 - 35 g
16,noise,1799.0,4999.0,64.01280256,4.1,13901.0,Wrb-sw-colorfitpulsegobuzz-std-gry_gry,Circle,Black,Other,Yes,8.0,Yes,1.7 inches,35 - 50 g
17,noise,1999.0,5999.0,66.67777963,4.1,8765.0,Wrb-sw-colorfitpulse2max-std-blu_blu,Circle,Black,Other,Yes,8.0,Yes,1.9 inches,35 - 50 g
18,noise,1999.0,5999.0,66.67777963,4.1,9081.0,wrb-sw-colorfitultrabuzz-std-blk_blk,Circle,Black,Other,Yes,22.0,Yes,1.8 inches,35 - 50 g
20,noise,1799.0,3999.0,55.01375344,4.0,32704.0,wrb-sw-colorfitgrand-std-blu_blu,Circle,Black,Other,Yes,8.0,Yes,1.7 inches,35 - 50 g
21,noise,2999.0,5999.0,50.00833472,4.1,5866.0,Wrb-sw-colorfitpro4-std-slvr_org,Circle,Black,Other,Yes,22.0,Yes,1.7 inches,35 - 50 g
23,boat,2499.0,7990.0,68.72340426,4.2,71481.0,8.90E+12,Circle,Black,Silicon,Yes,8.0,Yes,1.7 inches,50 - 75 g
24,boat,1999.0,7990.0,74.98122653,3.8,21724.0,Wave Call,Circle,Black,Silicon,Yes,8.0,Yes,1.7 inches,35 - 50 g
25,boat,1199.0,6990.0,82.84692418,4.0,27771.0,Watch Flash,Circle,Black,Silicon,Yes,8.0,Yes,1.3 inches,50 - 75 g
26,boat,1799.0,6990.0,74.26323319,3.9,2931.0,Watch Blaze,Circle,Black,Metal,Yes,8.0,Yes,1.8 inches,35 - 50 g
27,boat,1999.0,7990.0,74.98122653,3.8,21724.0,Wave Call,Circle,Black,Silicon,Yes,8.0,Yes,1.7 inches,35 - 50 g
28,boat,2599.0,7990.0,67.4718398,4.2,71481.0,8.90E+12,Circle,Black,Silicon,Yes,8.0,Yes,1.7 inches,75g +
31,boat,1199.0,6990.0,82.84692418,4.0,27771.0,Watch Flash,Circle,Black,Silicon,Yes,8.0,Yes,1.3 inches,50 - 75 g
32,noise,1799.0,4999.0,64.01280256,4.0,69803.0,Wrb-sw-colorfitpulse2-std-blu_blu,Circle,Black,Other,Yes,22.0,Yes,1.8 inches,35 - 50 g
33,boat,1699.0,6990.0,75.69384835,3.9,23498.0,Wave Lite,Circle,Black,Stainless Steel,Yes,8.0,Yes,1.7 inches,35 - 50 g
34,noise,1799.0,4999.0,64.01280256,4.1,13901.0,wrb-sw-colorfitpulsegobuzz-std-grn_grn,Circle,Black,Other,Yes,8.0,Yes,1.7 inches,35 - 50 g
35,boat,1199.0,6990.0,82.84692418,4.0,27771.0,Watch Flash,Circle,Black,Silicon,Yes,8.0,Yes,1.3 inches,50 - 75 g
38,boat,2199.0,7999.0,72.50906363,4.031306306306306,996.0,BoAt Wave Call Plus,Circle,Black,Silicon,Yes,22.0,Yes,1.8 inches,75g +
39,honor,11499.0,18999.0,39.47576188,3.9,406.0,MUS-B19,Circle,Black,Silicon,Yes,12.5,Yes,1.4 inches,35 - 50 g
40,honor,2199.0,1868.0,-17.71948608,4.1,181.0,ARG-B39-cr,Circle,Black,Silicon,Yes,3.5,Yes,1.5 inches,<= 20 g
41,honor,11499.0,9773.0,-17.66090249,4.2,20.0,MUS-B19-cr,Circle,Black,Silicon,Yes,12.5,Yes,1.4 inches,35 - 50 g
42,honor,14999.0,12499.0,-20.00160013,3.9,100.0,Talos-B19S-cr,Circle,Black,Other,Yes,0.75,Yes,1.2 inches,75g +
43,crossbeats,2999.0,9999.0,70.0070007,4.3,674.0,Grit,Circle,Black,Silicon,Yes,12.5,Yes,1.8 inches,20 - 35 g
45,crossbeats,5999.0,14999.0,60.00400027,4.3,996.0,Infinti 2.0,Circle,Black,Silicon,Yes,8.0,Yes,1.4 inches,20 - 35 g
46,honor,8999.0,7473.0,-20.42017931,4.1,323.0,Minos-B19S-cr,Circle,Black,Other,Yes,0.75,Yes,1.4 inches,75g +
52,garmin,16990.0,22490.0,24.45531347,4.3,312.0,GM-010-02427-80,Circle,Black,Silicon,Yes,22.0,Yes,1.3 inches,35 - 50 g
57,garmin,34990.0,51990.0,32.69859588,4.3,19.0,GM-010-02445-60,Circle,Black,Carbon-Fiber;,Yes,8.0,Yes,1.7 inches,35 - 50 g
58,garmin,12747.554545454546,14598.204244031831,48.236893613453574,3.8,38.0,7.54E+11,Circle,Black,Stainless Steel,Yes,8.0,Yes,30.0 inches,75g +
64,huawei,6400.0,11999.0,46.66222185,4.5,49.0,Leia-B19,Circle,Black,Silicon,Yes,8.0,Yes,0.5 inches,75g +
65,noise,3799.0,7999.0,52.50656332,3.8,545.0,Wrb-sw-colorfitpro4alpha-std-slvr_gry,Circle,Black,Silicon,Yes,8.0,Yes,1.7 inches,35 - 50 g
71,fire-boltt,12747.554545454546,14598.204244031831,48.236893613453574,4.3,39274.0,BSW049,Circle,Black,Silicon,Yes,3.5,Yes,1.3 inches,35 - 50 g
73,fire-boltt,1299.0,9999.0,87.00870087,4.2,25784.0,BSW030,Circle,Black,Silicon,Yes,8.0,Yes,1.7 inches,35 - 50 g
74,fire-boltt,1799.0,9999.0,82.00820082,4.2,33415.0,BSW042,Circle,Black,Silicon,Yes,8.0,Yes,1.3 inches,50 - 75 g
75,noise,1799.0,4999.0,64.01280256,4.1,13901.0,wrb-sw-colorfitpulsegobuzz-std-rgld_pnk,Circle,Black,Other,Yes,8.0,Yes,1.7 inches,35 - 50 g
77,gizmore,1599.0,5999.0,73.34555759,4.3,37.0,GIZFIT 908 Pro_Black,Circle,Black,Silicon,Yes,12.5,Yes,1.7 inches,75g +
78,gizmore,1499.0,5999.0,75.01250208,4.031306306306306,996.0,Gizmore Ultra smartwatch-cr,Circle,Black,Silicon,Yes,22.0,Yes,1.7 inches,75g +
80,gizmore,3299.0,5999.0,45.00750125,4.0,102.0,Gizfit 910,Circle,Black,Silicon,Yes,8.0,Yes,1.3 inches,75g +
82,gizmore,3299.0,5999.0,45.00750125,4.0,102.0,910,Circle,Black,Plastic,Yes,12.5,Yes,1.3 inches,75g +
83,gizmore,1699.0,5499.0,69.10347336,2.5,3.0,Gizfit Blaze Smartwatch-cr,Circle,Black,Silicon,Yes,22.0,Yes,1.7 inches,75g +
84,ambrane,2368.0,4499.0,47.36608135,3.5,301.0,FitShot Curl,Circle,Black,Silicon,Yes,12.5,Yes,1.7 inches,35 - 50 g
85,ambrane,2199.0,4999.0,56.01120224,3.9,256.0,FitShot Sphere,Circle,Black,Silicon,Yes,8.0,Yes,1.7 inches,35 - 50 g
86,fire-boltt,1799.0,2199.0,18.1900864,4.3,39274.0,BSW049,Circle,Black,Silicon,Yes,3.5,Yes,1.3 inches,35 - 50 g
87,fire-boltt,1999.0,7999.0,75.00937617,4.1,33012.0,BSW024,Circle,Black,Silicon,Yes,8.0,Yes,1.7 inches,35 - 50 g
88,zebronics,1799.0,6499.0,72.31881828,3.8,2138.0,ZEB-DRIP,Circle,Black,Silicon,Yes,3.5,Yes,4.3 inches,35 - 50 g
89,noise,1799.0,3999.0,55.01375344,4.0,32704.0,wrb-sw-colorfitgrand-std-cgry_cgry,Circle,Black,Other,Yes,8.0,Yes,1.7 inches,35 - 50 g
90,pebble,2999.0,6999.0,57.15102157,3.8,3563.0,PFB22 Mint Green,Circle,Black,Silicon,Yes,8.0,Yes,1.8 inches,75g +
91,pebble,4499.0,7499.0,40.00533404,3.6,94.0,PFB13 Charcoal Black,Circle,Black,Silicon,Yes,12.5,Yes,1.3 inches,35 - 50 g
92,pebble,12747.554545454546,14598.204244031831,48.236893613453574,3.6,725.0,PFB16 Black Rock,Circle,Black,Silicon,Yes,12.5,Yes,1.3 inches,50 - 75 g
93,pebble,4299.0,7499.0,42.67235631,3.6,55.0,PFB24,Circle,Black,Silicon,Yes,22.0,Yes,1.1 inches,35 - 50 g
94,crossbeats,3999.0,11999.0,66.67222269,3.9,3856.0,S4 Max,Circle,Black,Silicon,Yes,3.6,Yes,1.9 inches,20 - 35 g
95,crossbeats,3999.0,7999.0,50.00625078,3.9,3856.0,S4 Max,Circle,Black,Silicon,Yes,3.6,Yes,1.9 inches,20 - 35 g
96,fire-boltt,2499.0,9999.0,75.00750075,4.1,2571.0,BSW072,Circle,Black,Silicon,Yes,8.0,Yes,2.0 inches,75g +
98,zebronics,2099.0,7999.0,73.7592199,3.8,7386.0,ZEB-FIT7220CH (Metallic Silver),Circle,Black,Metal,Yes,8.0,Yes,4.4 inches,75g +
99,zebronics,1999.0,3999.0,50.01250313,3.8,2452.0,Zeb-Fit280CH(Blue),Circle,Black,Other,Yes,8.0,Yes,3.5 inches,75g +
102,zebronics,1799.0,6499.0,72.31881828,3.8,2138.0,ZEB-DRIP (BLUE),Circle,Black,Silicon,Yes,3.5,Yes,1.7 inches,35 - 50 g
103,zebronics,3499.0,11499.0,69.57126707,4.2,52.0,ZEB FIT 4 - BLACK (ICONIC ULTRA),Circle,Black,Silicon,Yes,0.75,Yes,1.8 inches,50 - 75 g
104,zebronics,3599.0,10999.0,67.27884353,3.9,1611.0,ZEB - COSMOS Lv1 - METALLIC BLACK,Circle,Black,Silicon,Yes,8.0,Yes,4.5 inches,50 - 75 g
105,zebronics,1999.0,6999.0,71.43877697,3.8,2138.0,ZEB-DRIP (METAL SILVER),Circle,Black,Silicon,Yes,3.5,Yes,4.3 inches,35 - 50 g
106,zebronics,2399.0,5999.0,60.01000167,3.8,3805.0,ZEB-FIT5220CH(Gold Metal),Circle,Black,Other,Yes,22.0,Yes,4.4 inches,35 - 50 g
107,zebronics,12747.554545454546,14598.204244031831,48.236893613453574,3.5,100.0,ZEB-FIT7220CH (Metallic Silver)-cr,Circle,Black,Silicon,Yes,8.0,Yes,4.4 inches,75g +
108,zebronics,3599.0,10999.0,67.27884353,3.9,1611.0,ZEB - COSMOS Lv1 CLASSIC BLACK,Circle,Black,Silicon,Yes,8.0,Yes,4.5 inches,50 - 75 g
109,fire-boltt,1299.0,7999.0,83.76047006,4.2,25784.0,BSW030,Circle,Black,Silicon,Yes,8.0,Yes,1.7 inches,35 - 50 g
110,fire-boltt,2499.0,11999.0,79.17326444,4.1,1990.0,BSW070,Circle,Black,Silicon,Yes,8.0,Yes,1.9 inches,75g +
111,fire-boltt,1799.0,9999.0,82.00820082,4.2,33415.0,BSW042,Circle,Black,Silicon,Yes,8.0,Yes,1.3 inches,50 - 75 g
112,fire-boltt,2499.0,9999.0,75.00750075,4.2,23302.0,BSW043,Circle,Black,Silicon,Yes,3.5,Yes,1.8 inches,50 - 75 g
113,fire-boltt,2499.0,9999.0,75.00750075,4.2,23302.0,BSW043,Circle,Black,Silicon,Yes,3.5,Yes,1.8 inches,50 - 75 g
114,fire-boltt,1794.0,7999.0,77.57219652,4.1,33012.0,BSW024,Circle,Black,Silicon,Yes,8.0,Yes,1.7 inches,35 - 50 g
115,fire-boltt,3499.0,11999.0,70.8392366,4.1,44170.0,BSW005,Circle,Black,Silicon,Yes,3.5,Yes,1.9 inches,75g +
116,fire-boltt,2499.0,18999.0,86.84667614,4.2,11.0,BSW073,Circle,Black,Silicon,Yes,3.5,Yes,1.9 inches,75g +
117,fire-boltt,2499.0,11999.0,79.17326444,4.1,1990.0,BSW070,Circle,Black,Silicon,Yes,8.0,Yes,1.9 inches,75g +
118,fire-boltt,1399.0,11999.0,88.34069506,4.1,1519.0,BSW037,Circle,Black,Silicon,Yes,8.0,Yes,1.8 inches,75g +
119,fire-boltt,1899.0,8999.0,78.8976553,4.0,15543.0,BSW003,Circle,Black,Silicon,Yes,8.0,Yes,1.3 inches,50 - 75 g
120,fire-boltt,1999.0,7999.0,75.00937617,4.1,33012.0,BSW024,Circle,Black,Silicon,Yes,8.0,Yes,1.7 inches,35 - 50 g
121,fire-boltt,1799.0,11999.0,85.00708392,4.3,39274.0,BSW100,Circle,Black,Silicon,Yes,3.5,Yes,1.4 inches,75g +
122,apple,29650.0,29900.0,0.836120401,4.5,154.0,Watch SE GPS (2nd Gen),Rectangle,Midnight,Silicon,Yes,22.0,Yes,1.6 inches,<= 20 g
123,apple,37900.0,14598.204244031831,48.236893613453574,4.4,65.0,Watch SE GPS + Cellular (2nd Gen),Rectangle,Starlight Sport,Silicon,Yes,22.0,Yes,1.7 inches,<= 20 g
124,apple,23349.0,23900.0,2.305439331,4.6,55800.0,"Watch Series 3 (GPS, 42mm) - Space Grey Aluminium Case with Black Sport Band",Rectangle,Black,Silicon,Yes,22.0,Yes,1.7 inches,20 - 35 g
125,apple,33900.0,14598.204244031831,48.236893613453574,4.6,3440.0,Watch SE GPS + Cellular,Rectangle,Pink,Silicon,Yes,22.0,Yes,1.6 inches,<= 20 g
126,apple,89900.0,14598.204244031831,48.236893613453574,4.7,51.0,Watch Ultra GPS + Cellular,Rectangle,Orange Alpine,Fabric,Yes,3.5,Yes,1.9 inches,75g +
127,apple,55900.0,14598.204244031831,48.236893613453574,4.5,132.0,Watch Series 8 GPS + Cellular,Rectangle,Starlight Sport,Silicon,Yes,22.0,Yes,1.6 inches,<= 20 g
128,apple,44730.0,44900.0,0.378619154,4.6,2847.0,"Watch Series7 (GPS, 45mm) - Green Aluminium Case with Clover Sport Band",Rectangle,Green,Aluminium,Yes,22.0,Yes,1.8 inches,20 - 35 g
129,apple,41900.0,14598.204244031831,48.236893613453574,4.6,2847.0,"Watch Series7 (GPS, 41mm) - Green Aluminium Case with Clover Sport Band",Rectangle,Green,Aluminium,Yes,22.0,Yes,1.6 inches,<= 20 g
130,apple,29900.0,14598.204244031831,48.236893613453574,4.6,5502.0,"Watch SE (GPS, 40mm) - Gold Aluminium Case with Starlight Sport Band - Regular",Rectangle,Gold,Silicon,Yes,22.0,Yes,1.6 inches,<= 20 g
131,apple,49666.0,50900.0,2.424361493,4.5,1519.0,"Watch Series7 (GPS + Cellular, 41mm)Blue Aluminium Case-Abyss Blue Sport Band",Rectangle,Blue,Aluminium,Yes,22.0,Yes,1.6 inches,<= 20 g
132,apple,53900.0,14598.204244031831,48.236893613453574,4.5,1519.0,"Watch Series7 (GPS + Cellular, 45mm)Blue Aluminium Case-Abyss Blue Sport Band",Rectangle,Blue,Aluminium,Yes,22.0,Yes,1.8 inches,20 - 35 g
133,apple,49900.0,14598.204244031831,48.236893613453574,4.5,1349.0,Watch Series 6 GPS + Cellular,Rectangle,Black,Silicon,Yes,22.0,Yes,1.6 inches,20 - 35 g
134,apple,48900.0,14598.204244031831,48.236893613453574,4.3,158.0,Watch Series 8 GPS,Rectangle,Starlight Sport,Silicon,Yes,22.0,Yes,1.8 inches,20 - 35 g
135,apple,29900.0,14598.204244031831,48.236893613453574,4.6,5502.0,"Watch SE(GPS, 40mm) - Silver Aluminium Case with Abyss Blue Sport Band - Regular",Rectangle,Silver,Silicon,Yes,22.0,Yes,1.6 inches,<= 20 g
136,apple,29900.0,14598.204244031831,48.236893613453574,4.6,5502.0,Apple Watch SE,Rectangle,White,Silicon,Yes,22.0,Yes,1.6 inches,<= 20 g
137,apple,32899.0,32900.0,0.003039514,4.6,5502.0,"Watch SE (GPS, 44mm) - Space Grey Aluminium Case with Midnight Sport Band",Rectangle,Grey,Silicon,Yes,22.0,Yes,1.7 inches,20 - 35 g
138,apple,22900.0,23900.0,4.184100418,4.6,55800.0,"Watch Series 3 (GPS, 42mm) - Silver Aluminium Case with White Sport Band",Rectangle,White,Silicon,Yes,22.0,Yes,1.7 inches,20 - 35 g
139,apple,41900.0,14598.204244031831,48.236893613453574,4.6,2847.0,"Watch Series7 (GPS, 41mm) - Midnight Aluminium Case with Midnight Sport Band",Rectangle,Black,Aluminium,Yes,22.0,Yes,1.6 inches,<= 20 g
140,apple,53900.0,14598.204244031831,48.236893613453574,4.5,1519.0,Watch Series7 (GPS+Cellular-45mm)Green Aluminium Case-Clover Sport Band,Rectangle,Green,Aluminium,Yes,22.0,Yes,1.8 inches,20 - 35 g
141,apple,44900.0,14598.204244031831,48.236893613453574,4.6,2847.0,Watch Series7 (GPS-45mm) (PRODUCT)RED Aluminium Case-(PRODUCT)RED Sport Band,Rectangle,Red,Aluminium,Yes,22.0,Yes,1.8 inches,20 - 35 g
142,apple,44900.0,14598.204244031831,48.236893613453574,4.6,2847.0,"Watch Series7 (GPS, 45mm) - Blue Aluminium Case with Abyss Blue Sport Band",Rectangle,Blue,Aluminium,Yes,22.0,Yes,1.8 inches,20 - 35 g
143,apple,41900.0,14598.204244031831,48.236893613453574,4.6,2847.0,"Watch Series7 (GPS, 41mm) - Blue Aluminium Case with Abyss Blue Sport Band",Rectangle,Blue,Aluminium,Yes,22.0,Yes,1.6 inches,<= 20 g
144,apple,40900.0,14598.204244031831,48.236893613453574,4.5,1720.0,Watch Series 6 GPS,Rectangle,Black,Silicon,Yes,22.0,Yes,1.6 inches,20 - 35 g
145,apple,41900.0,14598.204244031831,48.236893613453574,4.6,2847.0,"Watch Series7 (GPS, 41mm) - Starlight Aluminium Case with Starlight Sport Band",Rectangle,White,Aluminium,Yes,22.0,Yes,1.6 inches,<= 20 g
146,apple,32900.0,14598.204244031831,48.236893613453574,4.6,5502.0,"Watch SE (GPS, 44mm) - Gold Aluminium Case with Starlight Sport Band - Regular",Rectangle,Gold,Silicon,Yes,22.0,Yes,1.7 inches,20 - 35 g
147,apple,73900.0,14598.204244031831,48.236893613453574,4.5,1519.0,"Watch Series7(GPS+Cellular, 41mm)-Gold Stainless Steel Case-Gold Milanese Loop",Rectangle,Gold,Stainless Steel,Yes,22.0,Yes,1.6 inches,<= 20 g
148,noise,1999.0,5999.0,66.67777963,4.2,80483.0,"ColorFit Icon 2 1.8 Display, Bluetooth Calling, AI Voice Assistance",Rectangle,Black,Silicon,Yes,22.0,Yes,1.8 inches,20 - 35 g
149,noise,1299.0,3999.0,67.51687922,4.2,27445.0,"ColorFit Caliber Go with 1.69 inch HD Display, 40 Sports Modes, 150+ Watch Faces",Square,Black,Silicon,Yes,22.0,Yes,1.7 inches,20 - 35 g
150,noise,1799.0,4999.0,64.01280256,4.2,219512.0,"Icon Buzz BT Calling with 1.69"" display , AI Voice Assistance, Built-In Games",Rectangle,Black,Silicon,Yes,22.0,Yes,1.7 inches,20 - 35 g
151,noise,1499.0,4999.0,70.0140028,3.4,504.0,"ColorFit Caliber 2 with 1.83'' display Up to 12 Day Battery, 60 sports mode",Rectangle,Green,Silicon,Yes,8.0,Yes,1.8 inches,20 - 35 g
152,noise,1599.0,4999.0,68.01360272,4.3,4398.0,"Caliber Buzz Advanced BT Calling(True Sync), 1.69"" display, 500 NITS Brightness",Rectangle,Green,Silicon,Yes,22.0,Yes,1.7 inches,20 - 35 g
153,noise,1499.0,3999.0,62.51562891,4.2,275607.0,"ColorFit Caliber Smart Watch with 15-day battery, 1.69"" display, 60 Sports Modes",Square,White,Silicon,Yes,8.0,Yes,1.7 inches,20 - 35 g
154,noise,3999.0,6999.0,42.86326618,4.4,12469.0,"Evolve 3, 1.43"" AMOLED AOD, 466*466px, 500 nits, BT calling,Tru Sync Technology",Circle,Black,Silicon,Yes,22.0,Yes,1.4 inches,20 - 35 g
155,noise,2999.0,7999.0,62.50781348,4.3,11755.0,ColorFit Vision 2 Buzz,Square,Black,Silicon,Yes,22.0,Yes,1.8 inches,20 - 35 g
156,noise,2999.0,5999.0,50.00833472,4.3,13108.0,"ColorFit Pro4 BT Calling 1.72"" TruView Display, Fully-functional digital crown",Rectangle,Black,Silicon,Yes,22.0,Yes,1.7 inches,20 - 35 g
157,noise,2499.0,6999.0,64.29489927,4.3,3944.0,"ColorFit Loop Advanced BT Calling with 1.85"" display,130+Sports Modes",Square,Grey,Silicon,Yes,22.0,Yes,1.9 inches,20 - 35 g
158,noise,1299.0,4999.0,74.01480296,4.1,142612.0,"Qube with 1.4"" Full Touch display, Multi-Sports modes, 7-day Battery,Spo2",Square,Black,Thermo Plastic Polyurethene,Yes,22.0,Yes,1.4 inches,20 - 35 g
159,noise,2999.0,8999.0,66.6740749,4.1,22942.0,"Fit Buzz with 1.32inch HD Round Screen, Bluetooth calling and SPO2",Circle,Black,Silicon,Yes,22.0,Yes,1.3 inches,20 - 35 g
160,noise,3799.0,5999.0,36.6727788,4.2,6004.0,"ColorFit Pro4 Max 1.8"" BT Calling, Noise detection, Noise Health Suite",Rectangle,Black,Silicon,Yes,22.0,Yes,1.8 inches,20 - 35 g
161,noise,1499.0,4999.0,70.0140028,4.1,148555.0,ColorFit Pro 2,Rectangle,Black,Synthetic,Yes,22.0,Yes,1.3 inches,<= 20 g
162,noise,1799.0,5999.0,70.01166861,4.2,32505.0,ColorFit Brio,Rectangle,Black,Thermo Plastic Polyurethene,Yes,22.0,Yes,1.5 inches,20 - 35 g
163,noise,1999.0,5999.0,66.67777963,4.1,69379.0,ColorFit Pro 3,Rectangle,Black,Thermo Plastic Polyurethene,Yes,3.5,Yes,1.6 inches,20 - 35 g
164,noise,1499.0,3999.0,62.51562891,4.0,6638.0,"Core 2 1.28"" Display , Noisefit sync app, 100+ watch faces & 50+ Sports Modes",Circle,Black,Silicon,Yes,22.0,Yes,1.3 inches,20 - 35 g
165,noise,1799.0,5999.0,70.01166861,4.1,3506.0,"ColorFit Caliber 2 Buzz Advanced BT Calling, 1.85"" display,10 days battery",Square,Black,Silicon,Yes,22.0,Yes,1.8 inches,20 - 35 g
166,noise,1799.0,3999.0,55.01375344,4.2,5970.0,X-Fit 2 (HRX Edition) Smart Watch with 1.69inch Display & 60 Sports Modes,Rectangle,Grey,Silicon,Yes,22.0,Yes,1.7 inches,20 - 35 g
167,boat,1799.0,7990.0,77.48435544,4.1,125524.0,Storm call 1.69 inch HD display with bluetooth calling and 550 nits brightness,Rectangle,Blue,Silicon,Yes,22.0,Yes,1.7 inches,20 - 35 g
168,boat,1699.0,5990.0,71.6360601,4.0,98388.0,"Wave Neo with 1.69 inch , 2.5D Curved Display & Multiple Sports Modes",Rectangle,Black,Silicon,Yes,22.0,Yes,1.7 inches,20 - 35 g
169,boat,2499.0,8990.0,72.20244716,4.2,2893.0,"Wave Infinity with 1.85"" HD Screen, Functional Crown and Bluetooth Calling",Rectangle,Black,Silicon,Yes,22.0,Yes,1.9 inches,20 - 35 g
170,boat,3299.0,9799.0,66.33329932,4.1,13261.0,"Storm Pro Call with Bluetooth Calling, 1.78'' AMOLED Display and ASAP Charge",Rectangle,Red,Silicon,Yes,22.0,Yes,1.8 inches,20 - 35 g
171,boat,1499.0,5990.0,74.97495826,4.1,45492.0,Wave beat 1.69Inch HD display with complete health monitoring,Rectangle,Red,Silicon,Yes,22.0,Yes,1.6 inches,20 - 35 g
172,boat,2499.0,5990.0,58.28046745,4.2,39734.0,"Wave Connect with Bluetooth Calling, Voice Assistant and 1.69"" HD Display",Rectangle,Grey,Silicon,Yes,22.0,Yes,1.7 inches,20 - 35 g
173,boat,1299.0,6990.0,81.41630901,3.9,17456.0,Wave pro 1.69inch HD display withTemperature Sensor and live cricket updates,Rectangle,Purple,Silicon,Yes,22.0,Yes,1.7 inches,20 - 35 g
174,boat,1299.0,5990.0,78.31385643,4.1,619130.0,"Storm 1.3"" CurvedDisplay",Square,Blue,Thermo Plastic Polyurethene,Yes,22.0,Yes,1.3 inches,20 - 35 g
175,boat,1999.0,8999.0,77.78642071,3.9,6469.0,"Storm Pro with 1.78"" AMOLED Display, 700+ Active Modes",Rectangle,Black,Silicon,Yes,22.0,Yes,1.8 inches,20 - 35 g
176,boat,2499.0,7990.0,68.72340426,4.0,8179.0,Wave Arcade with 1.81 inch HD Display and Bluetooth Calling,Rectangle,Green,Silicon,Yes,22.0,Yes,1.8 inches,20 - 35 g
177,boat,3999.0,6990.0,42.78969957,4.2,628.0,"Wave Ultima with 1.8 inch Curve Arc HD Display, Bluetooth Calling with BT v5.3",Rectangle,Red,Silicon,Yes,22.0,Yes,1.8 inches,20 - 35 g
178,boat,2799.0,5990.0,53.2721202,3.9,2406.0,"Wave Select with 1.69"" HD Display, upto 10 Days Battery, HR & SpO2 Monitoring",Square,Green,Silicon,Yes,22.0,Yes,1.6 inches,20 - 35 g
179,boat,1999.0,6990.0,71.40200286,3.9,12026.0,"Watch Mercury 1.54"" TFTDisplay",Rectangle,Blue,Silicon,Yes,22.0,Yes,1.5 inches,20 - 35 g
180,boat,12747.554545454546,14598.204244031831,48.236893613453574,5.0,996.0,"Wave Beat Call with BT Calling, 1.69 HD Display & 600+ Watch Face",Rectangle,Black,Silicon,Yes,22.0,Yes,1.7 inches,20 - 35 g
181,boat,2299.0,6990.0,67.11015737,3.9,16676.0,"Vertex 1.69"" HealthEcosystem",Square,Black,Silicon,Yes,22.0,Yes,1.7 inches,20 - 35 g
182,boat,2999.0,7990.0,62.46558198,3.8,11340.0,Xplorer,Square,Black,Silicon,Yes,22.0,Yes,1.3 inches,20 - 35 g
183,honor,8999.0,14999.0,40.00266684,4.4,14613.0,Magic Watch 2 (46mm),Circle,Black,Fluoroelastomer,Yes,8.0,Yes,1.4 inches,20 - 35 g
184,honor,12999.0,18999.0,31.58060951,4.2,84.0,Watch GS 3,Circle,Blue,Leather,Yes,8.0,Yes,1.4 inches,20 - 35 g
185,honor,13999.0,15999.0,12.5007813,4.4,14613.0,Magic Watch 2 (46 mm),Circle,Brown,Leather,Yes,8.0,Yes,1.8 inches,20 - 35 g
186,honor,17999.0,20999.0,14.28639459,4.4,1111.0,Watch GS Pro,Circle,Blue,Nylon,Yes,17.5,Yes,1.4 inches,20 - 35 g
187,honor,4999.0,10999.0,54.55041367,4.3,2241.0,Watch ES,Rectangle,Pink,Silicon,Yes,22.0,Yes,1.6 inches,<= 20 g
188,honor,9047.0,17999.0,49.73609645,4.3,1779.0,Magic SmartWatch,Circle,Brown,Leather,Yes,22.0,Yes,1.2 inches,20 - 35 g
189,honor,7999.0,17333.0,53.8510356,4.3,1779.0,Watch Magic,Circle,Black,Silicon,Yes,22.0,Yes,1.2 inches,20 - 35 g
190,honor,10999.0,13999.0,21.43010215,4.4,14613.0,Magic Watch 2 (42 mm),Circle,Black,Fluoroelastomer,Yes,22.0,Yes,1.7 inches,<= 20 g
191,samsung,12990.0,29999.0,56.69855662,4.4,35511.0,"Watch 4, 44mmSuper AMOLED bluetooth calling function & body composition tracking",Circle,Black,Rubber,Yes,3.5,Yes,1.4 inches,<= 20 g
192,samsung,27999.0,29999.0,6.666888896,4.3,435.0,Watch 5 40mmSuper AMOLED displayBluetooth calling & body composition tracking,Circle,Graphite,Rubber,Yes,3.5,Yes,1.2 inches,<= 20 g
193,samsung,35999.0,39999.0,10.00025001,4.3,435.0,Watch 5 44mmSuper AMOLED displayLTE calling & body composition tracking,Circle,Graphite,Rubber,Yes,3.5,Yes,1.4 inches,<= 20 g
194,samsung,22749.0,37999.0,40.13263507,4.2,567.0,Galaxy Watch4 Classic Bluetooth (4.6cm),Circle,Black,Fluoroelastomer,Yes,3.5,Yes,1.4 inches,75g +
195,samsung,32999.0,35999.0,8.333564821,4.3,435.0,Watch 5 40mmSuper AMOLED display LTE calling & body composition tracking,Circle,Graphite,Rubber,Yes,3.5,Yes,1.2 inches,<= 20 g
196,samsung,44999.0,48999.0,8.163431907,4.4,88.0,Watch 5 pro 45mmSuper AMOLED displayBluetooth callingwith advanced GPS tracking,Circle,Black,Rubber,Yes,3.5,Yes,1.4 inches,20 - 35 g
197,samsung,34997.0,42999.0,18.60973511,4.2,567.0,Galaxy Watch4 Classic LTE (4.6cm),Circle,Silver,Fluoroelastomer,Yes,3.5,Yes,1.4 inches,75g +
198,samsung,49999.0,54999.0,9.091074383,4.4,88.0,Watch 5 pro45mmSuper AMOLED displayLTE callingwith advanced GPS tracking,Circle,Grey,Rubber,Yes,3.5,Yes,1.4 inches,20 - 35 g
199,samsung,24999.0,26999.0,7.407681766,4.1,91.0,Galaxy Watch4 Bluetooth (4.0cm),Circle,Black,Fluoroelastomer,Yes,3.5,Yes,4.0 inches,<= 20 g
200,samsung,31999.0,34999.0,8.571673476,3.8,40.0,Galaxy Watch4 Classic Bluetooth (4.2cm),Circle,Black,Fluoroelastomer,Yes,3.5,Yes,1.2 inches,20 - 35 g
201,samsung,16999.0,34999.0,51.43004086,4.2,567.0,Galaxy Watch4 LTE (4.4cm),Circle,Black,Fluoroelastomer,Yes,3.5,Yes,1.4 inches,<= 20 g
202,samsung,39490.0,14598.204244031831,48.236893613453574,4.3,1489.0,Galaxy Watch 3 45 mm LTE,Circle,Black,Leather,Yes,3.5,Yes,1.8 inches,20 - 35 g
203,samsung,17490.0,34999.0,50.02714363,4.2,567.0,Galaxy Watch4 Classic Bluetooth(4.2cm),Circle,Silver,Fluoroelastomer,Yes,3.5,Yes,1.2 inches,20 - 35 g
204,samsung,31999.0,39999.0,20.00050001,4.2,567.0,Galaxy Watch4 Classic LTE (4.2cm),Circle,Black,Fluoroelastomer,Yes,3.5,Yes,1.2 inches,20 - 35 g
205,samsung,28999.0,31999.0,9.375292978,3.8,12.0,Galaxy Watch4 LTE (4.0cm),Circle,Pink,Fluoroelastomer,Yes,3.5,Yes,1.2 inches,<= 20 g
206,samsung,11999.0,30990.0,61.28105841,4.3,1489.0,Galaxy Watch 3 41 mm,Circle,Black,Leather,Yes,3.5,Yes,1.6 inches,20 - 35 g
207,samsung,16999.0,28490.0,40.33345033,4.1,1980.0,Galaxy Watch Active 2 Aluminium LTE,Circle,Grey,Silicon,Yes,3.5,Yes,1.4 inches,<= 20 g
208,samsung,16999.0,31990.0,46.86151922,4.4,23940.0,Galaxy Watch Active 2 Steel,Circle,Black,Leather,Yes,3.5,Yes,1.7 inches,20 - 35 g
209,samsung,16999.0,25990.0,34.59407464,4.4,23940.0,Galaxy Watch Active 2 Aluminium,Circle,Beige,Silicon,Yes,3.5,Yes,1.7 inches,<= 20 g
210,samsung,27490.0,29989.0,8.333055454,4.2,201.0,Galaxy Watch 46 mm LTE,Circle,Black,Silicon,Yes,3.5,Yes,1.8 inches,75g +
211,samsung,19990.0,14598.204244031831,48.236893613453574,4.3,68.0,Galaxy Watch Active,Circle,Blue,Rubber,Yes,3.5,Yes,1.1 inches,<= 20 g
212,samsung,24490.0,28490.0,14.04001404,3.7,153.0,Galaxy Watch 42 mm LTE,Circle,Beige,Silicon,Yes,3.5,Yes,1.7 inches,20 - 35 g
213,samsung,30990.0,34490.0,10.14786895,4.1,1980.0,Galaxy Watch Active 2 Steel LTE,Circle,Brown,Silicon,Yes,17.5,Yes,1.4 inches,20 - 35 g
214,samsung,29990.0,30990.0,3.22684737,4.3,1489.0,Galaxy Watch 3 41 mm LTE,Circle,Pink,Leather,Yes,3.5,Yes,1.6 inches,20 - 35 g
215,samsung,16990.0,33999.0,50.027942,4.5,12211.0,Galaxy Watch 46 mm,Circle,Black,Rubber,Yes,3.5,Yes,1.8 inches,75g +
216,fitbit,11699.0,14999.0,22.00146676,4.3,3999.0,Versa 2,Square,Black,Silicon,Yes,3.5,Yes,1.3 inches,20 - 35 g
217,fitbit,14999.0,14598.204244031831,48.236893613453574,4.7,996.0,Charge 5,Rectangle,Black,Silicon,Yes,22.0,Yes,1.0 inches,<= 20 g
218,fitbit,14999.0,14598.204244031831,48.236893613453574,4.7,5.0,fitbit charge 5 blue,Rectangle,Blue,Silicon,Yes,3.5,No,1.3 inches,20 - 35 g
219,fitbit,14999.0,14598.204244031831,48.236893613453574,4.7,6.0,fitbit charge 5 black,Rectangle,Black,Silicon,Yes,3.5,No,0.2 inches,20 - 35 g
220,fitbit,20499.0,14598.204244031831,48.236893613453574,4.7,114.0,Fitbit Versa 4 Fitness Watch (Pink Sand / Copper Rose Aluminium) 6Membership,Curved,Pink,Silicon,Yes,3.5,Yes,0.2 inches,20 - 35 g
221,fitbit,8999.0,14598.204244031831,48.236893613453574,4.7,996.0,Inspire 3,Rectangle,Morning Glow,Silicon,Yes,22.0,Yes,0.6 inches,20 - 35 g
222,fitbit,8999.0,14598.204244031831,48.236893613453574,4.7,996.0,FitbitInspire 3 Health & Fitness Tracker (Lilac Bliss / Black,Rectangle,Passion Pink,Rubber,Yes,3.5,No,0.2 inches,20 - 35 g
223,fitbit,17699.0,18999.0,6.842465393,4.3,455.0,Versa 3,Curved,Black,Rubber,Yes,17.5,Yes,15.9 inches,20 - 35 g
224,fitbit,20499.0,14598.204244031831,48.236893613453574,4.7,114.0,Versa 4,Square,Beet Juice,Silicon,Yes,17.5,Yes,1.5 inches,20 - 35 g
225,fitbit,20999.0,22999.0,8.696030262,4.2,547.0,Sense,Curved,Black,Rubber,Yes,17.5,Yes,1.6 inches,<= 20 g
226,fitbit,8999.0,23499.0,61.70475339,4.1,4475.0,Versa Special Edition,Square,Charcoal,Fabric,Yes,3.5,Yes,1.3 inches,20 - 35 g
227,fitbit,26499.0,14598.204244031831,48.236893613453574,4.1,367.0,Ionic,Square,Grey,Rubber,Yes,17.5,Yes,1.3 inches,20 - 35 g
228,fitbit,19999.0,14598.204244031831,48.236893613453574,4.2,1583.0,Blaze,Contemporary,Black,Rubber,Yes,3.5,Yes,1.3 inches,20 - 35 g
229,fitbit,24990.0,14598.204244031831,48.236893613453574,3.9,188.0,Surge,Square,Blue,Rubber,Yes,22.0,Yes,1.3 inches,20 - 35 g
230,fitbit,16999.0,14598.204244031831,48.236893613453574,4.2,426.0,Versa Lite Edition,Square,Purple,Silicon,Yes,3.5,Yes,1.0 inches,20 - 35 g
232,fitbit,20590.0,21499.0,4.228103633,4.1,4475.0,Versa,Square,Black,Silicon,Yes,3.5,Yes,1.3 inches,20 - 35 g
233,fitbit,24999.0,14598.204244031831,48.236893613453574,4.7,996.0,Sense 2,Square,White Platinum,Silicon,Yes,17.5,Yes,1.5 inches,20 - 35 g
234,fitbit,15499.0,23999.0,35.41814242,4.5,92.0,Versa 2 Special Edition,Square,Multicolor,Fabric,Yes,17.5,Yes,1.7 inches,20 - 35 g
235,fitbit,20499.0,14598.204244031831,48.236893613453574,4.7,996.0,Fitbit Versa 4 Fitness Watch (Black / Graphite Aluminium)6-Month Membership,Curved,Black,Rubber,Yes,3.5,Yes,0.2 inches,20 - 35 g
236,fitbit,20499.0,14598.204244031831,48.236893613453574,4.7,996.0,Fitbit Versa 4 Fitness Watch (Waterfall Blue / Platinum Aluminium) Membership,Curved,Blue,Rubber,Yes,22.0,Yes,0.2 inches,20 - 35 g
237,amazfit,3999.0,5999.0,33.33888981,4.2,3130.0,"Pop 2 with Ultra-large 1.78 inch HD AMOLED Display, BT Calling, SpO2",Square,Pink,Silicon,Yes,22.0,Yes,1.8 inches,75g +
238,amazfit,7499.0,16999.0,55.88564033,4.3,11520.0,GTR 2 (New version)1.39HD AMOLEDBluetooth callingupto 10 days battery life,Circle,Grey,Silicon,Yes,8.0,Yes,1.4 inches,<= 20 g
239,amazfit,4499.0,5999.0,25.00416736,4.1,333.0,Bip 3 Pro with 1.69 inch Large Color Display Built-in GPS,Square,Beige,Silicon,Yes,8.0,Yes,1.7 inches,<= 20 g
240,amazfit,9999.0,17999.0,44.44691372,4.5,5265.0,T rex Pro 1.3HD AMOLED with advanced GPS & 10ATM water resistance,Circle,Black,Silicon,Yes,12.5,Yes,1.3 inches,75g +
241,amazfit,16999.0,23999.0,29.167882,4.3,575.0,GTR 4 1.43AMOLED display Bluetooth calling & 6 satellite GPS positioning system,Circle,Black,Silicon,Yes,8.0,Yes,1.4 inches,<= 20 g
242,amazfit,4999.0,6999.0,28.57551079,4.1,4694.0,Bip U pro 1.43 HD display GLONASS GPS & AI assistant,Rectangle,Pink,Silicon,Yes,22.0,Yes,1.4 inches,<= 20 g
243,amazfit,13999.0,18999.0,26.31717459,4.1,306.0,"GTS 3 1,75 HD AMOLED with advanced GPS and 150+ sports modes",Square,Misty Rose,Silicon,Yes,8.0,Yes,1.8 inches,20 - 35 g
244,amazfit,13999.0,18999.0,26.31717459,4.1,918.0,GTR 3 1.3 HD AMOLED with Always on Display and powerful Zepp OS,Circle,Grey,Silicon,Yes,17.5,Yes,1.4 inches,20 - 35 g
245,amazfit,18999.0,25999.0,26.92411247,4.2,115.0,GTR 3 Pro,Circle,Brown,Silicon,Yes,8.0,Yes,1.4 inches,20 - 35 g
246,amazfit,6999.0,9999.0,30.0030003,3.7,81.0,"GTS2 Mini with 1.55"" AMOLED Display Built-in Alexa",Rectangle,Black,Silicon,Yes,8.0,Yes,1.6 inches,20 - 35 g
247,amazfit,8999.0,13999.0,35.71683692,4.3,578.0,GTR 2e,Circle,Black,Silicon,Yes,17.5,Yes,1.4 inches,<= 20 g
248,amazfit,19999.0,23999.0,16.66736114,4.3,996.0,GTS 4 Alexa Built-in Fitness Tracker Calling 1.75'' HD Display SpO2 Waterproof,Rectangle,White,Silicon,Yes,8.0,Yes,1.8 inches,20 - 35 g
249,amazfit,2999.0,5999.0,50.00833472,3.8,15.0,Bip U,Square,Black,Silicon,Yes,22.0,Yes,1.4 inches,<= 20 g
250,amazfit,7200.0,14999.0,51.99679979,4.0,6.0,Bip Lite,Square,Black,Silicon,Yes,3.5,Yes,3.0 inches,20 - 35 g
251,garmin,139990.0,14598.204244031831,48.236893613453574,4.7,6022.0,"Fenix 7X Sapphire Solar, Up to 28 days/37 days with solar*, Built in Flashlight",Circle,Silver,Stainless Steel,Yes,17.5,Yes,0.1 inches,20 - 35 g
252,garmin,16990.0,20990.0,19.05669366,4.4,90.0,"Venu Sq, Smartwatch, Advanced Sleep Monitoring, Upto 6 Days of Battery, SPO2",Square,Grey,Silicon,Yes,17.5,Yes,1.3 inches,20 - 35 g
253,garmin,39490.0,14598.204244031831,48.236893613453574,5.0,6.0,"Forerunner 255, GPS Running Smartwatch, Advanced Insights, HRV Status",Circle,Grey,Silicon,No,8.0,Yes,1.3 inches,20 - 35 g
254,garmin,33490.0,14598.204244031831,48.236893613453574,4.7,996.0,"Venu Sq 2 Music, AMOLED, Mindful Breathing, Upto 11 Days Battery",Square,Black,Silicon,Yes,17.5,Yes,1.4 inches,20 - 35 g
255,garmin,24990.0,36490.0,31.51548369,4.4,43.0,"Forerunner 245 Music, GPS Running Smartwatch, Advanced Running Dynamics",Circle,Red,Silicon,No,22.0,Yes,1.2 inches,20 - 35 g
256,garmin,34990.0,51990.0,32.69859588,4.3,6.0,"Forerunner 745, GPS Multisport Watch, Training Stats, Advanced Running Dynamics",Circle,Red,Silicon,No,22.0,Yes,1.2 inches,20 - 35 g
257,garmin,39490.0,41990.0,5.953798523,4.8,6.0,"Venu 2, GPS Smartwatch, AMOLED Display, Upto 11 Days Battery, SPO2 & Music",Circle,Blue,Silicon,Yes,17.5,Yes,33.0 inches,20 - 35 g
258,garmin,89490.0,93990.0,4.787743377,4.7,996.0,"Fenix 7 Solar Multisport Watch, PacePro Technology, ClimbPro, Stamina Tracking",Circle,Black,Silicon,Yes,12.5,Yes,0.1 inches,20 - 35 g
259,garmin,67490.0,14598.204244031831,48.236893613453574,4.7,996.0,"Forerunner 955 Solar charging upto 20 days, HRV & Stamina Status, Triathlon",Circle,White,Silicon,No,8.0,Yes,1.3 inches,75g +
260,garmin,20990.0,14598.204244031831,48.236893613453574,4.2,61.0,"Forerunner 55, GPS Smartwatch, upto 2 Weeks of Battery Life, PacePro Technology",Circle,Blue,Silicon,No,22.0,Yes,1.0 inches,20 - 35 g
261,garmin,98990.0,14598.204244031831,48.236893613453574,4.7,6022.0,"Epix Gen 2, Sapphire, Up to 16 days Battery, AMOLED Display, Real Time Stamina",Circle,Black,Silicon,Yes,17.5,Yes,0.1 inches,20 - 35 g
262,garmin,49990.0,51990.0,3.846893633,4.7,996.0,Approach S62,Circle,Black,Silicon,Yes,8.0,Yes,1.3 inches,75g +
263,garmin,44990.0,50490.0,10.89324619,4.0,6.0,"Instinct 2 Solar, Rugged Outdoor SmartWatch, Multi GNSS, Tracback Routing",Circle,Blue,Silicon,No,17.5,Yes,0.9 inches,20 - 35 g
264,garmin,22990.0,31490.0,26.99269609,4.1,20.0,"Instinct Esports Edition, Broadcast stress level & HR to PC gaming streams*",Circle,Black,Silicon,No,8.0,Yes,0.9 inches,20 - 35 g
265,garmin,33490.0,36990.0,9.462016761,4.6,5.0,"Instinct 2, Battery Upto 28 days, Tracback Routing, Multi GNSS, Health Snapshot",Circle,Black,Silicon,No,17.5,Yes,0.9 inches,20 - 35 g
266,garmin,39490.0,44990.0,12.22493888,4.7,109.0,"Venu 2S, GPS Smartwatch, AMOLED Display, Upto 11 Days Battery, SPO2 & Music",Circle,White,Silicon,Yes,22.0,Yes,27.9 inches,20 - 35 g
267,garmin,27990.0,14598.204244031831,48.236893613453574,5.0,3.0,"Venu Sq 2, AMOLED, Mindful Breathing, Upto 11 Days of Battery",Square,Grey,Rubber,Yes,17.5,Yes,1.4 inches,20 - 35 g
268,garmin,20490.0,14598.204244031831,48.236893613453574,5.0,3.0,Vivomove Sports,Circle,Brown,Silicon,No,3.5,Yes,18.5 inches,20 - 35 g
269,garmin,89490.0,89990.0,0.555617291,4.7,6022.0,"Epix Gen 2, Up to 16 days Battery, AMOLED Display, Real Time Stamina",Circle,Grey,Silicon,Yes,17.5,Yes,0.1 inches,20 - 35 g
270,garmin,46990.0,14598.204244031831,48.236893613453574,4.5,8.0,"Venu 2 Plus, AMOLED Display, Built in Speaker & MIC, Upto 9 Days Battery, SPO2",Circle,White,Silicon,Yes,3.5,Yes,1.3 inches,75g +
271,garmin,44990.0,46990.0,4.256224729,4.0,6.0,"Instinct 2 Solar, Battery Up to 28 days/Unlimited with solar*, Tracback Routing",Circle,Black,Silicon,No,17.5,Yes,0.9 inches,20 - 35 g
272,garmin,46990.0,62490.0,24.80396863,4.1,10.0,"Forerunner 945, Premium GPS Running/Triathlon Smartwatch with Music",Circle,Black,Silicon,No,8.0,Yes,1.9 inches,20 - 35 g
273,garmin,33490.0,39490.0,15.19371993,4.7,109.0,"Instinct 2S, Battery Upto 21 days, Health Snapshot, SPO2, HIIT workout, VO2 Max",Circle,Red,Silicon,No,17.5,No,0.8 inches,20 - 35 g
274,garmin,20990.0,25990.0,19.23816853,3.4,7.0,"Venu Sq Music, Smartwatch, Advanced Sleep Monitoring, Upto 6 Days Battery, SPO2",Square,Blue,Silicon,Yes,17.5,Yes,1.3 inches,20 - 35 g
275,garmin,64990.0,82990.0,21.68936016,4.7,996.0,"Fenix 6S Sapphire, Premium GPS Watch, Music, Pace Guidance and Pulse Ox Sensors",Circle,Black,Silicon,Yes,22.0,Yes,1.2 inches,75g +
276,garmin,44990.0,50490.0,10.89324619,4.7,996.0,"Instinct 2S Solar, Battery Upto 21 days/51 days with solar*, SPO2, HIIT workout",Circle,Green,Silicon,No,17.5,Yes,0.8 inches,20 - 35 g
277,garmin,76990.0,96390.0,20.12656915,4.7,7.0,"Fenix 6 Sapphire Carbon Gray DLC, Wrist-Based Heart Rate and Pulse OX, Sensors",Circle,Silver,Silicon,Yes,17.5,Yes,1.3 inches,20 - 35 g
278,garmin,67490.0,67990.0,0.735402265,4.7,6022.0,"Fenix 7 Multisport GPS Watch, Upto 18 Days Battery, Climbpro, Stamina, HRV",Circle,Grey,Silicon,Yes,12.5,Yes,0.1 inches,20 - 35 g
279,garmin,39490.0,44990.0,12.22493888,4.7,109.0,"Instinct 2, Rugged Outdoor Watch with GPS, Built for All Elements, Multi-GNSS",Circle,Grey,Silicon,No,17.5,Yes,0.9 inches,20 - 35 g
280,garmin,50490.0,55990.0,9.823182711,4.7,109.0,"Instinct 2 Solar, Tactical Rugged SmartWatch, Multi GNSS, Tracback Routing",Circle,Brown,Silicon,No,17.5,Yes,0.9 inches,20 - 35 g
281,garmin,27990.0,39990.0,30.00750188,3.7,10.0,"Venu, GPS Smartwatch with Music, Body Energy Monitoring, Animated Workouts",Circle,Blue,Silicon,Yes,3.5,Yes,1.2 inches,20 - 35 g
282,huawei,18990.0,29990.0,36.67889296,4.3,189.0,GT 2 Pro,Circle,Black,Fluoroelastomer,Yes,8.0,Yes,1.4 inches,75g +
283,huawei,14990.0,20990.0,28.5850405,4.5,3228.0,Watch GT 2 (46 mm),Circle,Black,Fluoroelastomer,Yes,8.0,Yes,1.8 inches,20 - 35 g
284,huawei,15990.0,20990.0,23.82086708,4.4,399.0,Watch GT Active,Circle,Orange,Silicon,Yes,8.0,Yes,1.8 inches,20 - 35 g
285,huawei,14990.0,19990.0,25.01250625,4.7,996.0,Watch GT 2 (42 mm),Circle,Black,Fluoroelastomer,Yes,22.0,Yes,1.7 inches,<= 20 g
286,huawei,29999.0,14598.204244031831,48.236893613453574,3.8,5.0,Watch 2 Sport with 4G,Circle,Black,Silicon,Yes,17.5,Yes,1.2 inches,20 - 35 g
287,huawei,25999.0,14598.204244031831,48.236893613453574,3.9,21.0,Watch 2 Leather,Circle,Black,Leather,Yes,17.5,Yes,1.2 inches,20 - 35 g
288,huawei,6999.0,9999.0,30.0030003,3.3,20.0,Fit,Circle,Orange,Silicon,Yes,17.5,Yes,1.2 inches,20 - 35 g
289,huawei,10990.0,20990.0,47.64173416,4.5,203.0,Watch GT Sport,Circle,Black,Silicon,Yes,8.0,Yes,1.8 inches,75g +
290,huawei,10990.0,21990.0,50.02273761,4.5,93.0,Watch GT Classic,Circle,Brown,Leather,Yes,8.0,Yes,1.8 inches,75g +
291,huawei,8990.0,19990.0,55.02751376,4.3,1269.0,Watch GT 2e Sport,Circle,Red,Thermo Plastic Polyurethene,Yes,8.0,Yes,1.4 inches,20 - 35 g
292,huawei,11990.0,19990.0,40.02001001,4.3,1269.0,Watch GT 2e Active,Circle,Green,Thermo Plastic Polyurethene,Yes,8.0,Yes,1.4 inches,20 - 35 g
293,huawei,6990.0,14990.0,53.36891261,4.3,119.0,Watch Fit,Rectangle,Pink,Silicon,Yes,22.0,Yes,4.2 inches,<= 20 g
294,fossil,23995.0,14598.204244031831,48.236893613453574,4.2,343.0,Gen 6,Circle,Purple,Silicon,Yes,17.5,Yes,1.3 inches,20 - 35 g
295,fossil,18495.0,14598.204244031831,48.236893613453574,3.8,172.0,Gen 5E,Circle,Black,Stainless Steel,Yes,22.0,Yes,1.7 inches,20 - 35 g
296,fossil,15289.0,22995.0,33.51163296,4.0,470.0,Garrett HR,Circle,Silver,Stainless Steel,Yes,17.5,Yes,1.3 inches,20 - 35 g
297,fossil,17995.0,14598.204244031831,48.236893613453574,3.9,46.0,Sport Smartwatch,Circle,Multicolor,Silicon,Yes,17.5,Yes,1.2 inches,20 - 35 g
298,fossil,19999.0,21995.0,9.074789725,3.8,53.0,Q Venture,Circle,Silver,Stainless Steel,Yes,22.0,Yes,1.7 inches,20 - 35 g
299,fossil,9995.0,14995.0,33.34444815,3.9,57.0,Fb-01 Hybrid Smartwatch Hr,Circle,Black,Silicon,No,22.0,Yes,1.1 inches,20 - 35 g
300,fossil,14995.0,22995.0,34.79017178,4.0,4483.0,The Carlyle HR,Circle,Grey,Stainless Steel,Yes,17.5,Yes,1.3 inches,20 - 35 g
301,fossil,13195.0,21995.0,40.00909298,3.9,510.0,4th Gen Venture HR,Circle,Gold,Stainless Steel,Yes,22.0,Yes,1.6 inches,20 - 35 g
302,fossil,9995.0,17995.0,44.45679355,4.0,1532.0,Sport 43,Circle,Blue,Silicon,Yes,3.5,Yes,1.2 inches,20 - 35 g
303,fossil,9198.0,22995.0,60.0,4.3,283.0,Julianna HR,Circle,Beige,Leather,Yes,17.5,Yes,1.3 inches,20 - 35 g
304,fossil,13495.0,14598.204244031831,48.236893613453574,4.7,996.0,Jacqueline,Circle,Black,Stainless Steel,No,17.5,Yes,1.3 inches,20 - 35 g
305,fossil,17995.0,14598.204244031831,48.236893613453574,4.0,599.0,Sport 41,Circle,Blue,Silicon,Yes,22.0,Yes,1.2 inches,20 - 35 g
306,fossil,18995.0,14598.204244031831,48.236893613453574,4.0,102.0,Wander RG,Circle,Black,Silicon,Yes,22.0,Yes,45.0 inches,20 - 35 g
307,fossil,19995.0,14598.204244031831,48.236893613453574,3.1,28.0,FTW4003 Smart Watch,Circle,Brown,Leather,Yes,22.0,Yes,1.4 inches,20 - 35 g
308,fossil,19995.0,14598.204244031831,48.236893613453574,4.4,69.0,Q Explorist,Circle,Black,Leather,Yes,22.0,Yes,1.7 inches,20 - 35 g
309,fossil,11995.0,14598.204244031831,48.236893613453574,4.3,4.0,Commuter,Circle,Black,Leather,No,17.5,Yes,1.7 inches,20 - 35 g
310,fossil,14995.0,14598.204244031831,48.236893613453574,3.9,41.0,Charter Hybrid HR Smartwatch,Circle,Black,Leather,No,3.5,Yes,1.2 inches,75g +
311,fossil,16495.0,14598.204244031831,48.236893613453574,4.1,123.0,Collider Hybrid HR,Circle,Grey,Stainless Steel,No,3.5,Yes,1.1 inches,20 - 35 g
312,fossil,16495.0,14598.204244031831,48.236893613453574,4.7,996.0,Neutra Hybrid HR,Circle,Silver,Stainless Steel,No,8.0,Yes,1.1 inches,20 - 35 g
313,fossil,9995.0,16495.0,39.40588057,3.8,144.0,FB-01 Hybrid HR,Circle,Black,Stainless Steel,Yes,3.5,Yes,1.1 inches,20 - 35 g
314,fossil,13995.0,14598.204244031831,48.236893613453574,3.8,4.0,FTW1140 Q Hybrid Watch,Circle,Blue,Stainless Steel,No,22.0,Yes,1.7 inches,20 - 35 g
315,fossil,13495.0,14598.204244031831,48.236893613453574,4.4,11.0,Q Jacqueline,Circle,Silver,Stainless Steel,No,17.5,Yes,1.3 inches,20 - 35 g
316,fossil,13495.0,14598.204244031831,48.236893613453574,4.7,3.0,Neely,Circle,Blue,Stainless Steel,No,17.5,Yes,1.3 inches,20 - 35 g
317,fossil,10998.0,21995.0,49.99772676,3.9,5182.0,4th Gen Explorist HR,Circle,Black,Silicon,Yes,22.0,Yes,1.8 inches,20 - 35 g
318,dizo,1299.0,5499.0,76.37752319,4.0,1598.0,"Watch D Sharp 1.75"" with High Res (320*390) Display (By realme techLife)",Rectangle,Grey,Silicon,Yes,8.0,Yes,1.8 inches,20 - 35 g
319,dizo,1799.0,4999.0,64.01280256,4.2,34953.0,Watch D 1.8 inch Dynamic display with 550nits brightness,Rectangle,Black,Silicon,Yes,8.0,Yes,1.8 inches,75g +
320,dizo,3299.0,5999.0,45.00750125,4.0,28926.0,Watch R AMOLED with 45 mm Dial Size (by realme techLife),Circle,Black,Silicon,Yes,22.0,Yes,1.3 inches,20 - 35 g
321,dizo,1999.0,5999.0,66.67777963,4.1,561.0,"Watch D2 with 1.91 inch super big display ,BT Calling (by realme TechLife)",Rectangle,Black,Silicon,Yes,22.0,Yes,1.9 inches,20 - 35 g
322,dizo,1699.0,3999.0,57.51437859,4.2,110067.0,Watch 2,Rectangle,Pink,Silicon,Yes,12.5,Yes,1.7 inches,75g +
323,dizo,1199.0,3499.0,65.73306659,4.2,62964.0,"Watch 2 sports (by realme techlife) 1.69"" Bright screen with 110+ sports modes",Square,Blue,Silicon,Yes,22.0,Yes,1.7 inches,20 - 35 g
324,dizo,4499.0,6999.0,35.71938848,4.2,6385.0,"Watch R Talk, Amoled Display with Calling & 10 days battery",Circle,Grey,Silicon,Yes,22.0,Yes,1.3 inches,75g +
325,dizo,3499.0,5999.0,41.67361227,4.2,1785.0,Watch D Talk 1.8 display with calling&7 day battery (by realme Techlife),Rectangle,Grey,Silicon,Yes,22.0,Yes,1.8 inches,75g +
326,dizo,1999.0,3999.0,50.01250313,3.9,3492.0,Watch S 1.57 Bright touch screen with rectangular display and 110+ sports modes,Rectangle,Pink,Silicon,Yes,22.0,Yes,1.6 inches,20 - 35 g
327,dizo,1999.0,4999.0,60.0120024,4.1,717.0,"Watch D Plus with 1.85inch,550nits display&14 day battery",Rectangle,Blue,Silicon,Yes,8.0,Yes,1.9 inches,20 - 35 g
328,dizo,2799.0,3999.0,30.00750188,4.1,7586.0,Watch Pro,Square,Black,Silicon,Yes,8.0,Yes,1.8 inches,20 - 35 g
329,dizo,3299.0,6999.0,52.86469496,3.9,345.0,WATCH D ULTRA 1.78 AMOLED WITH CALLING,Square,Blue,Silicon,Yes,22.0,Yes,1.8 inches,20 - 35 g
330,dizo,3999.0,6999.0,42.86326618,4.1,663.0,"Watch R Talk Go, 1.39 inch, 550nits display, 10 day battery (by realme TechLife)",Circle,Blue,Silicon,Yes,22.0,Yes,1.4 inches,20 - 35 g
331,dizo,2699.0,5999.0,55.00916819,3.3,222.0,"WATCH D PRO WITH CALLING,D1 CHIPSET,OS,1.85 INCH DISPLAY",Square,Grey,Silicon,Yes,22.0,Yes,1.9 inches,20 - 35 g
332,dizo,5999.0,6999.0,14.28775539,4.2,13.0,"R Talk, Amoled Display with Calling & 10 days battery",Circle,Black,Silicon,Yes,22.0,Yes,1.3 inches,75g +
333,dizo,5999.0,6999.0,14.28775539,4.2,13.0,R TALK SMARTWATCH Amoled Display with Calling10 Days Battery(SilverGrey)FreeSize,Circle,Grey,Silicon,Yes,22.0,Yes,1.3 inches,75g +
334,dizo,3999.0,5999.0,33.33888981,4.2,42860.0,D TALK SMART WATCH (SILVER GREY),Rectangle,Grey,Silicon,Yes,22.0,Yes,1.8 inches,75g +
335,dizo,3999.0,5999.0,33.33888981,4.2,42860.0,"D Talk DW 32051 Smart Watch with Up to 7 Day Battery Life, Classic Black",Rectangle,Black,Silicon,Yes,22.0,Yes,1.8 inches,75g +
336,dizo,2499.0,3999.0,37.50937734,3.6,70.0,Watch 2 Sports i,Square,Black,Plastic,Yes,22.0,Yes,1.7 inches,20 - 35 g
337,gizmore,1199.0,4499.0,73.34963325,4.7,996.0,GizFit CLOUD 1.85 IPS Large Display | AI Voice Assistant | Bluetooth Calling,Square,Blue,Silicon,Yes,22.0,Yes,1.8 inches,20 - 35 g
338,gizmore,1799.0,5999.0,70.01166861,4.2,4813.0,"GizFit Ultra BT Calling Smartwatch With 1.69"" HD Display| 60+ Sports Mode",Square,Grey,Silicon,Yes,3.5,Yes,0.1 inches,20 - 35 g
339,gizmore,1299.0,5499.0,76.37752319,3.8,3137.0,GizFit BLAZE BT Calling Smartwatch | 1.69 Inch IPS Curved 500 NITS Display,Square,Black,Silicon,Yes,3.5,Yes,0.1 inches,20 - 35 g
340,gizmore,2799.0,8999.0,68.89654406,4.0,1994.0,GizFit GLOW AMOLED with 3.4 Cm | ALWAYS-ON | 550 NITS Brightness | BT Calling,Circle,Black,Silicon,Yes,3.5,Yes,1.4 inches,75g +
341,gizmore,1999.0,5999.0,66.67777963,4.0,1178.0,"Blaze Max 1.85"" BT Calling Edge to Edge Display, Voice Assistance, Bluetooth",Square,Grey,Silicon,Yes,8.0,Yes,1.9 inches,20 - 35 g
342,gizmore,3499.0,8999.0,61.11790199,3.7,475.0,GizFit GLOW LUXE AMOLED with 3.35 Cm Display | 500 NITS| Bluetooth Calling,Circle,Black,Leather,Yes,3.5,Yes,1.3 inches,20 - 35 g
343,gizmore,1999.0,6999.0,71.43877697,3.8,927.0,GizFit PLASMA Bluetooth Calling Smartwatch | 1.9 Inch HD Display | 550 NITS,Square,Blue,Silicon,Yes,22.0,Yes,1.9 inches,20 - 35 g
344,gizmore,2399.0,5499.0,56.37388616,5.0,3.0,GIZFIT BLAZE X 1.85 Inch Ultra HD Display | 600 NITS | BT Calling Smartwatch,Square,Burgundy,Silicon,Yes,3.5,Yes,1.9 inches,<= 20 g
345,gizmore,2799.0,6999.0,60.00857265,4.3,7.0,GizFit ORBIT BT Calling with 1.32 Inch Ultra Sharp HD Display|500 NITS|ALWAYS-ON,Circle,Burgundy,Silicon,Yes,3.5,Yes,1.3 inches,20 - 35 g
346,gizmore,2199.0,5999.0,63.34389065,3.5,10.0,Gizfit 910 Pro Bluetooth Calling with AI Voice Assistance,Square,Black,Silicon,Yes,3.5,Yes,1.7 inches,20 - 35 g
347,gizmore,1999.0,5999.0,66.67777963,3.5,30.0,Gizfit Slate BT Calling | 1.57 Inch display | AI voice Assistance,Rectangle,Black,Silicon,Yes,3.5,Yes,1.6 inches,<= 20 g
348,gizmore,1799.0,2999.0,40.01333778,3.8,645.0,GizFit 902,Square,Black,Silicon,Yes,22.0,Yes,1.0 inches,20 - 35 g
349,gizmore,1499.0,6999.0,78.58265466,4.7,996.0,Vogue 1.95 Edge to Edge Larger IPS HD Display Bluetooth Calling,Square,Grey,Silicon,Yes,22.0,Yes,1.9 inches,20 - 35 g
350,gizmore,6999.0,14598.204244031831,48.236893613453574,4.7,996.0,GizFIt Vogue 1.95 Always On 600 NITS HD Display Bluetooth Calling,Square,Orange,Silicon,Yes,22.0,Yes,1.9 inches,20 - 35 g
351,gizmore,2799.0,6999.0,60.00857265,4.7,996.0,GizFit ORBIT BT Calling with 3.3 Cm | ALWAYS-ON | 500 NITS Brightness,Circle,Black,Silicon,Yes,3.5,Yes,1.3 inches,20 - 35 g
352,ambrane,1299.0,4999.0,74.01480296,4.2,60292.0,Wise-Eon 1.69Lucid Display bluetooth calling function & 7 days battery life,Square,Grey,Silicon,Yes,22.0,Yes,1.7 inches,20 - 35 g
353,ambrane,1599.0,5999.0,73.34555759,4.2,25108.0,"Wise-roam 1.28"" Full HD display,bluetooth calling and complete health tracking",Circle,Grey,Silicon,Yes,22.0,Yes,1.3 inches,20 - 35 g
354,ambrane,1799.0,5999.0,70.01166861,4.2,453.0,"Wise Eon Max with 2.01'' Lucid display, BT Calling, with customisable watch face",Square,Black,Silicon,Yes,22.0,Yes,2.0 inches,20 - 35 g
355,ambrane,1499.0,5299.0,71.71164371,4.2,8574.0,"Wise Eon Pro1.85"" lucid display with BT calling",Square,Red,Silicon,Yes,22.0,Yes,1.9 inches,20 - 35 g
356,ambrane,2499.0,5999.0,58.34305718,4.3,7767.0,"Wise Glaze with 1.78"" Amoled display, BT Calling,SPO2 , Heart Rate Monitor",Square,Grey,Silicon,Yes,22.0,Yes,1.8 inches,20 - 35 g
357,ambrane,1799.0,3799.0,52.64543301,4.2,8003.0,Flex 1.69inch Lucid display and SPO2,Square,Pink,Silicon,Yes,22.0,Yes,1.7 inches,20 - 35 g
358,ambrane,2299.0,3999.0,42.51062766,4.1,2475.0,Surge 1.28 Curved Display with complete Health Tracking,Circle,Black,Silicon,Yes,22.0,Yes,1.3 inches,20 - 35 g
359,ambrane,1999.0,5999.0,66.67777963,3.9,1099.0,Pulse,Rectangle,Black,Synthetic,Yes,22.0,Yes,1.3 inches,20 - 35 g
360,ambrane,1499.0,3799.0,60.54224796,4.2,1804.0,Flex,Square,Green,Silicon,Yes,22.0,Yes,1.7 inches,20 - 35 g
361,pebble,2799.0,7499.0,62.67502334,4.4,12644.0,"Cosmos Ultra 1.91"" 600 nits BT-Calling High-Res Curved Display, Ultra-Thin Dial",Rectangle,Black,Silicon,Yes,22.0,Yes,1.9 inches,75g +
362,pebble,4199.0,9499.0,55.79534688,4.2,7828.0,"Cosmos luxe 1.36"" AMOLED Always-on Display Bluetooth calling(Midnight Gold)",Circle,Charcoal,Silicon,Yes,22.0,Yes,0.1 inches,20 - 35 g
363,pebble,4199.0,9999.0,58.00580058,4.2,541.0,"Cosmos Luxe 2.0 1.43"" AMOLED Display with BT Calling and Responsive Watch Faces",Circle,Midnight,Silicon,Yes,22.0,Yes,1.4 inches,20 - 35 g
364,pebble,1999.0,4999.0,60.0120024,4.0,4240.0,"Frost 1.87'' BT Calling with 2.5D Curved HD Display, AI Voice Assisst",Rectangle,Blue,Silicon,Yes,3.5,Yes,20.0 inches,20 - 35 g
365,pebble,4199.0,9499.0,55.79534688,4.2,7828.0,"Cosmos luxe 1.36"" AMOLED Always-on Display Bluetooth calling",Circle,Green,Silicon,Yes,22.0,Yes,0.1 inches,20 - 35 g
366,pebble,1999.0,4999.0,60.0120024,4.0,4240.0,"Frost 1.87 BT Calling with 2.5D Curved HD Display, AI Voice Assisst",Rectangle,Orange Alpine,Silicon,Yes,3.5,Yes,20.0 inches,20 - 35 g
367,pebble,3499.0,5999.0,41.67361227,4.7,996.0,Zen Pro Unisex SPO2 Grey,Circle,Grey,Silicon,Yes,22.0,Yes,1.3 inches,20 - 35 g
368,pebble,4699.0,7499.0,37.33831177,4.1,20.0,Revo Bluetooth Calling Smartwatch for Men Black,Circle,Brown,Leather,Yes,8.0,Yes,1.3 inches,20 - 35 g
369,pebble,3999.0,9999.0,60.0060006,3.9,677.0,"Cosmos Grande 2.1 Largest Display, BT Calling, Wireless Charging,GPS Trajectory",Rectangle,Blue,Silicon,Yes,22.0,Yes,2.1 inches,20 - 35 g
370,pebble,3999.0,6499.0,38.46745653,3.4,45.0,Aspire Unisex 2.5D Curved Screen Smartwatch with Female Cycle Tracker Rose Gold,Rectangle,Pink,Silicon,Yes,22.0,Yes,1.6 inches,20 - 35 g
371,pebble,4990.0,6999.0,28.70410059,4.1,1964.0,Cosmos,Square,Maroon,Silicon,Yes,8.0,Yes,0.1 inches,75g +
372,pebble,1499.0,4499.0,66.68148477,3.8,1338.0,"Spark Ace 1.85 Large HD Display, Health Suite, 100+ Watch Faces, 7 days battery",Rectangle,Blue,Silicon,Yes,17.5,Yes,1.9 inches,75g +
373,pebble,4990.0,6999.0,28.70410059,5.0,3.0,"Pebble Cosmos, Bluetooth Calling smartwatch Multi Sports Modes",Square,Blue,Rubber,Yes,8.0,Yes,0.2 inches,75g +
374,pebble,3999.0,7999.0,50.00625078,3.9,2874.0,Cosmos Pro 1.7inch HD LCD display with Bluetooth calling function,Square,Black,Silicon,Yes,22.0,Yes,0.1 inches,20 - 35 g
375,pebble,3999.0,7499.0,46.67288972,4.1,99.0,Venus,Circle,Black,Silicon,Yes,22.0,Yes,1.1 inches,20 - 35 g
376,pebble,3999.0,7999.0,50.00625078,3.9,2874.0,Cosmos Pro 1.7inch HD display with Bluetooth calling function,Square,"Pink, Gold",Silicon,Yes,22.0,Yes,0.1 inches,20 - 35 g
377,pebble,2499.0,4499.0,44.45432318,3.5,1014.0,"Spark 1.7 inch Bluetooth Calling, HD Display with SPO2, HR Monitor",Rectangle,Deep Wine,Silicon,Yes,22.0,Yes,1.7 inches,20 - 35 g
378,pebble,2999.0,5499.0,45.46281142,3.8,5.0,"Pace Pro Smartwatch with 1.7"" HD Curved Display Golden Ivory",Square,Gold,Silicon,Yes,8.0,Yes,0.1 inches,20 - 35 g
379,pebble,4499.0,7499.0,40.00533404,3.1,10.0,Revo Bluetooth Calling Smartwatch for Men Tan Leather,Circle,Black,Silicon,Yes,8.0,Yes,1.3 inches,20 - 35 g
380,pebble,3069.0,4999.0,38.60772154,4.0,1371.0,Pace Unisex Smart Watch with Full Touch Dynamic Colour Display (Black,Rectangle,Black,Silicon,Yes,22.0,Yes,1.4 inches,20 - 35 g
381,pebble,1499.0,3299.0,54.56198848,3.8,996.0,"Prism 1.7""Display With Fitness & Outdoor Activity Black",Square,Black,Silicon,Yes,8.0,Yes,0.1 inches,20 - 35 g
382,pebble,3299.0,4999.0,34.00680136,3.8,996.0,"prism ultra 1.69"" HD Display With Bluetooth Calling Green",Square,Sea Green,Silicon,Yes,8.0,Yes,0.1 inches,20 - 35 g
383,pebble,2499.0,3299.0,24.24977266,3.8,996.0,"Prism 1.7""Display With Fitness & Outdoor Activity Blue",Square,Blue,Silicon,Yes,8.0,Yes,0.1 inches,20 - 35 g
384,pebble,4990.0,6999.0,28.70410059,4.1,1964.0,COSMOS,Square,Rose Gold,Silicon,Yes,3.5,Yes,0.1 inches,20 - 35 g
385,pebble,2999.0,5499.0,45.46281142,3.8,996.0,"Pace Pro Smartwatch with 1.7"" HD Curved Display Golden Black",Square,Black,Silicon,Yes,8.0,Yes,0.1 inches,20 - 35 g
386,pebble,3999.0,5499.0,27.27768685,4.1,16.0,Prism Max Bluetooth Calling Large Display,Rectangle,Black,Silicon,Yes,22.0,Yes,0.1 inches,20 - 35 g
387,pebble,2999.0,4999.0,40.0080016,4.0,1371.0,Pace Unisex Smart Watch with Full Touch Dynamic Colour Display (Blue,Rectangle,Blue,Silicon,Yes,22.0,Yes,1.4 inches,20 - 35 g
388,pebble,4990.0,6999.0,28.70410059,4.1,996.0,"Pebble Cosmos, Bluetooth Calling smartwatch 24 Hour Health Tracking (Burgundy)",Square,Maroon,Silicon,Yes,8.0,Yes,0.1 inches,75g +
389,pebble,5190.0,7499.0,30.7907721,4.1,996.0,Venus Bluetooth Calling Smartwatch with Fitness Tracker for Women-Midnight Gold,Circle,Black,Silicon,Yes,22.0,Yes,0.0 inches,20 - 35 g
390,zebronics,2199.0,4999.0,56.01120224,3.9,272.0,Zeb-Fit Me,Square,Green,Thermo Plastic Polyurethene,Yes,22.0,Yes,3.3 inches,20 - 35 g
391,zebronics,3499.0,5499.0,36.37024914,3.9,22.0,SPECIAL EDITION Zeb-Fit380CH BLUETOOTH CALLING,Square,Black,Silicon,Yes,22.0,Yes,4.3 inches,75g +
392,zebronics,2999.0,7999.0,62.50781348,3.5,22.0,Zeb-Fit7220CH,Rectangle,Black,Silicon,Yes,3.5,Yes,6.9 inches,20 - 35 g
393,zebronics,2399.0,7999.0,70.00875109,3.9,1328.0,Zeb-Fit4220CH,Circle,Silver,Silicon,Yes,22.0,Yes,3.3 inches,75g +
394,zebronics,1999.0,3999.0,50.01250313,3.9,22.0,ZEB FIT8220CH,Square,Rose Gold,Silicon,Yes,17.5,Yes,1.7 inches,20 - 35 g
395,zebronics,4499.0,7499.0,40.00533404,3.7,3.0,Zeb Fit 7220 CH,Rectangle,Black,Silicon,Yes,22.0,Yes,1.7 inches,20 - 35 g
396,zebronics,2199.0,4999.0,56.01120224,3.9,22.0,ZEB-FITME,Square,Black,Silicon,Yes,17.5,Yes,1.3 inches,20 - 35 g
397,zebronics,2999.0,5999.0,50.00833472,3.6,55.0,"ZEB-FIT5220CH 7-Day Data Storage, 8 Sports Mode, SpO2, BP & HR Monitor, (Metal)",Square,Black,Stainless Steel,Yes,22.0,Yes,0.2 inches,20 - 35 g
398,zebronics,5499.0,7499.0,26.6702227,3.9,22.0,UNBEATABLE ZEB-FIT480CH,Square,Black,Silicon,Yes,22.0,Yes,1.8 inches,20 - 35 g
399,zebronics,3499.0,3999.0,12.50312578,3.9,996.0,Zeb-Fit1220CH,Square,Gold,Silicon,Yes,22.0,Yes,1.5 inches,20 - 35 g
400,zebronics,2799.0,5499.0,49.09983633,3.9,22.0,ZEB FIT380CH,Square,Black,Rubber,Yes,22.0,Yes,1.7 inches,20 - 35 g
401,zebronics,1799.0,3999.0,55.01375344,4.2,1823.0,ZEB-FIT8220CH,Square,Rose Gold,Silicon,Yes,22.0,Yes,4.3 inches,20 - 35 g
402,zebronics,3499.0,7999.0,56.25703213,1.0,1.0,Zeb Fit 4220 CH,Circle,Black,Silicon,Yes,22.0,Yes,1.3 inches,75g +
403,zebronics,1399.0,4499.0,68.90420093,4.0,469.0,ZEB-FIT920CH,Square,Red,Thermo Plastic Polyurethene,Yes,22.0,Yes,3.5 inches,20 - 35 g
404,zebronics,3499.0,5999.0,41.67361227,3.9,996.0,SPECIAL EDITION Zeb-Fit380CH METALLIC STRAP,Square,Silver,Stainless Steel,Yes,22.0,Yes,4.3 inches,75g +
405,zebronics,3099.0,7999.0,61.25765721,2.3,3.0,FIT7220CH,Curved,Silver,Aluminium,Yes,22.0,Yes,0.1 inches,20 - 35 g
406,zebronics,1897.0,1899.0,0.105318589,3.3,4.0,Fitness band,Rectangle,Grey,Silicon,Yes,22.0,Yes,2.3 inches,20 - 35 g
407,zebronics,2949.0,4199.0,29.76899262,3.1,10.0,LEATHER fit-650,Oval,Black,Leather,Yes,22.0,Yes,2.7 inches,20 - 35 g
408,zebronics,3449.0,4199.0,17.86139557,2.9,17.0,ZEB-FIT650,Circle,Black,Silicon,Yes,3.5,Yes,2.4 inches,20 - 35 g
409,zebronics,1499.0,2999.0,50.01667222,3.1,24.0,Smart Time 200,Circle,Black,Rubber,Yes,22.0,Yes,2.7 inches,75g +
410,zebronics,2999.0,5999.0,50.00833472,4.0,996.0,FIT380CH,Rectangle,Silver,Stainless Steel,Yes,17.5,Yes,1.7 inches,20 - 35 g
411,fire-boltt,2499.0,5999.0,58.34305718,2.5,996.0,NINJA 2 MAX,Square,Black,Silicon,Yes,22.0,Yes,1.5 inches,20 - 35 g
412,fire-boltt,2399.0,11999.0,80.00666722,2.5,6022.0,DAZZLE PLUS,Square,Black,Silicon,Yes,22.0,Yes,1.8 inches,20 - 35 g
413,fire-boltt,3927.0,9999.0,60.72607261,2.5,996.0,RING 3,Square,Black,Silicon,Yes,22.0,Yes,1.8 inches,20 - 35 g
414,fire-boltt,3927.0,9999.0,60.72607261,2.5,996.0,RING 3,Square,Gold,Silicon,Yes,22.0,Yes,1.8 inches,20 - 35 g
415,fire-boltt,2299.0,5999.0,61.67694616,2.5,24.0,NINJA PRO MAX,Square,Blue,Silicon,Yes,22.0,Yes,1.6 inches,20 - 35 g
416,fire-boltt,2299.0,5999.0,61.67694616,2.5,201.0,NINJA PRO MAX,Square,Black,Silicon,Yes,22.0,Yes,1.6 inches,20 - 35 g
417,fire-boltt,6499.0,12999.0,50.00384645,2.5,996.0,BSW019,Circle,Black,Silicon,Yes,22.0,Yes,1.3 inches,20 - 35 g
418,fire-boltt,4599.0,17999.0,74.44858048,2.5,11.0,HULK BLUETOOTH CALLING,Square,Black,Silicon,Yes,22.0,Yes,1.8 inches,20 - 35 g
419,fire-boltt,3299.0,9999.0,67.00670067,2.5,5.0,RING 2,Square,Grey,Silicon,Yes,22.0,Yes,1.7 inches,20 - 35 g
420,fire-boltt,2699.0,4999.0,46.00920184,2.5,33.0,NINJA PRO,Square,Black,Silicon,Yes,22.0,Yes,1.3 inches,20 - 35 g
421,fire-boltt,2799.0,7999.0,65.00812602,4.2,5.0,ninja calling,Square,Black,Rubber,Yes,22.0,Yes,0.1 inches,20 - 35 g
422,fire-boltt,3449.0,9999.0,65.50655066,3.8,83.0,ring,Square,Black,Rubber,Yes,22.0,Yes,0.1 inches,75g +
423,fire-boltt,3499.0,9999.0,65.00650065,4.8,4.0,beast pro,Square,Silver,Rubber,Yes,8.0,Yes,0.1 inches,20 - 35 g
424,fire-boltt,3999.0,9999.0,60.0060006,3.1,8.0,ring,Rectangle,Black,Silicon,Yes,22.0,Yes,0.1 inches,20 - 35 g
425,fire-boltt,3999.0,9999.0,60.0060006,3.7,996.0,bsw360,Circle,Blue,Rubber,Yes,22.0,Yes,0.1 inches,20 - 35 g
426,fire-boltt,3599.0,5999.0,40.00666778,5.0,3.0,bsw001,Rectangle,Black,Silicon,Yes,22.0,Yes,1.4 inches,20 - 35 g
427,fire-boltt,3799.0,9999.0,62.00620062,3.7,996.0,beast pro,Square,Black,Rubber,Yes,3.5,Yes,0.1 inches,20 - 35 g
428,fire-boltt,3499.0,9999.0,65.00650065,3.7,996.0,beast pro,Rectangle,Pink,Rubber,Yes,8.0,Yes,0.1 inches,20 - 35 g
429,fire-boltt,3499.0,9999.0,65.00650065,3.7,996.0,beast pro,Square,Blue,Rubber,Yes,8.0,Yes,0.1 inches,20 - 35 g
430,fire-boltt,5599.0,9999.0,44.00440044,2.5,996.0,bsw005,Square,White,Silicon,Yes,22.0,Yes,1.7 inches,20 - 35 g
431,fire-boltt,3999.0,9999.0,60.0060006,3.7,3.0,bsw016,Square,Pink,Silicon,Yes,22.0,Yes,1.7 inches,20 - 35 g
432,fire-boltt,3699.0,11999.0,69.17243104,2.5,996.0,starcross,Square,Black,Silicon,Yes,8.0,Yes,1.8 inches,20 - 35 g
433,fire-boltt,3899.0,11999.0,67.50562547,2.5,996.0,starcross,Square,Green,Silicon,Yes,22.0,Yes,1.8 inches,20 - 35 g
434,fire-boltt,2298.0,5999.0,61.6936156,3.6,5.0,ninja 2 max,Square,Black,Rubber,Yes,22.0,Yes,0.1 inches,20 - 35 g
435,fire-boltt,3299.0,11999.0,72.50604217,2.5,996.0,wonder,Square,Black,Silicon,Yes,3.5,Yes,1.8 inches,20 - 35 g
436,fire-boltt,1999.0,5999.0,66.67777963,3.7,996.0,"SpO2 Full Touch 1.4 inch Smart Watch with Blood Oxygen, Fitness (Black)",Square,Black,Rubber,Yes,22.0,Yes,0.1 inches,20 - 35 g
437,fire-boltt,3599.0,9999.0,64.00640064,3.7,996.0,ring,Square,Blue,Rubber,Yes,22.0,Yes,0.1 inches,20 - 35 g
438,fire-boltt,3599.0,9999.0,64.00640064,3.7,996.0,ring,Square,Red,Rubber,Yes,22.0,Yes,0.1 inches,20 - 35 g
439,fire-boltt,5998.0,9999.0,40.0140014,2.5,996.0,tamish,Rectangle,Blue,Silicon,Yes,22.0,Yes,1.3 inches,20 - 35 g
440,fire-boltt,5599.0,9999.0,44.00440044,2.5,996.0,bsw017,Square,Blue,Silicon,Yes,22.0,Yes,1.3 inches,20 - 35 g
441,fire-boltt,2899.0,4999.0,42.00840168,2.5,996.0,bsw011,Square,Grey,Silicon,Yes,22.0,Yes,1.3 inches,20 - 35 g
442,fire-boltt,3999.0,9999.0,60.0060006,3.7,6.0,ring,Square,White,Rubber,Yes,22.0,Yes,1.7 inches,20 - 35 g
443,fire-boltt,4599.0,7999.0,42.50531316,2.5,996.0,bsw002,Square,Black,Silicon,Yes,22.0,Yes,1.7 inches,20 - 35 g
444,fire-boltt,6999.0,15999.0,56.25351584,2.6,996.0,bsw020,Circle,Brown,Silicon,Yes,8.0,Yes,1.4 inches,20 - 35 g
445,fire-boltt,5999.0,8999.0,33.33703745,2.5,996.0,bsw003,Circle,Grey,Silicon,Yes,22.0,Yes,1.3 inches,20 - 35 g
446,fire-boltt,3700.0,9999.0,62.99629963,4.031306306306306,996.0,beast pro,Square,Black,Silicon,Yes,8.0,Yes,0.1 inches,20 - 35 g
447,fire-boltt,5999.0,8999.0,33.33703745,2.5,996.0,bsw003,Circle,Gold,Silicon,Yes,22.0,Yes,1.3 inches,20 - 35 g
448,fire-boltt,3200.0,7999.0,59.99499937,4.031306306306306,996.0,call 2,Square,Blue,Silicon,Yes,22.0,Yes,0.1 inches,20 - 35 g
449,fire-boltt,3000.0,7999.0,62.49531191,4.031306306306306,996.0,call 2,Square,Black,Silicon,Yes,22.0,Yes,0.1 inches,20 - 35 g
